<code_scheme name="LiebherrHAU" version="173">
  <option name="AUTODETECT_INDENTS" value="false" />
  <JavaCodeStyleSettings>
    <option name="GENERATE_FINAL_LOCALS" value="true" />
    <option name="GENERATE_FINAL_PARAMETERS" value="true" />
    <option name="INSERT_INNER_CLASS_IMPORTS" value="true" />
    <option name="CLASS_COUNT_TO_USE_IMPORT_ON_DEMAND" value="999" />
    <option name="NAMES_COUNT_TO_USE_IMPORT_ON_DEMAND" value="999" />
    <option name="JD_ALIGN_PARAM_COMMENTS" value="false" />
    <option name="JD_ALIGN_EXCEPTION_COMMENTS" value="false" />
  </JavaCodeStyleSettings>
  <JetCodeStyleSettings>
    <option name="PACKAGES_TO_USE_STAR_IMPORTS">
      <value>
        <package name="kotlinx.android.synthetic" withSubpackages="false" static="false" />
      </value>
    </option>
    <option name="NAME_COUNT_TO_USE_STAR_IMPORT" value="100" />
    <option name="NAME_COUNT_TO_USE_STAR_IMPORT_FOR_MEMBERS" value="100" />
  </JetCodeStyleSettings>
  <MarkdownNavigatorCodeStyleSettings>
    <option name="RIGHT_MARGIN" value="-1" />
  </MarkdownNavigatorCodeStyleSettings>
  <XML>
    <option name="XML_ATTRIBUTE_WRAP" value="0" />
  </XML>
  <editorconfig>
    <option name="ENABLED" value="false" />
  </editorconfig>
  <yaml>
    <option name="INDENT_SEQUENCE_VALUE" value="false" />
  </yaml>
  <codeStyleSettings language="Groovy">
    <indentOptions>
      <option name="INDENT_SIZE" value="2" />
      <option name="CONTINUATION_INDENT_SIZE" value="2" />
      <option name="TAB_SIZE" value="2" />
    </indentOptions>
  </codeStyleSettings>
  <codeStyleSettings language="JAVA">
    <option name="KEEP_LINE_BREAKS" value="false" />
    <option name="KEEP_FIRST_COLUMN_COMMENT" value="false" />
    <option name="KEEP_CONTROL_STATEMENT_IN_ONE_LINE" value="false" />
    <option name="KEEP_BLANK_LINES_IN_DECLARATIONS" value="1" />
    <option name="KEEP_BLANK_LINES_IN_CODE" value="1" />
    <option name="KEEP_BLANK_LINES_BEFORE_RBRACE" value="1" />
    <option name="ALIGN_MULTILINE_PARAMETERS" value="false" />
    <option name="ALIGN_MULTILINE_RESOURCES" value="false" />
    <option name="SPACE_WITHIN_ARRAY_INITIALIZER_BRACES" value="true" />
    <option name="SPACE_BEFORE_ARRAY_INITIALIZER_LBRACE" value="true" />
    <option name="CALL_PARAMETERS_WRAP" value="1" />
    <option name="METHOD_PARAMETERS_WRAP" value="1" />
    <option name="RESOURCE_LIST_WRAP" value="5" />
    <option name="EXTENDS_LIST_WRAP" value="1" />
    <option name="THROWS_LIST_WRAP" value="1" />
    <option name="EXTENDS_KEYWORD_WRAP" value="1" />
    <option name="THROWS_KEYWORD_WRAP" value="1" />
    <option name="METHOD_CALL_CHAIN_WRAP" value="1" />
    <option name="BINARY_OPERATION_WRAP" value="1" />
    <option name="BINARY_OPERATION_SIGN_ON_NEXT_LINE" value="true" />
    <option name="TERNARY_OPERATION_WRAP" value="5" />
    <option name="ARRAY_INITIALIZER_WRAP" value="1" />
    <option name="METHOD_ANNOTATION_WRAP" value="0" />
    <option name="CLASS_ANNOTATION_WRAP" value="0" />
    <option name="FIELD_ANNOTATION_WRAP" value="0" />
    <indentOptions>
      <option name="INDENT_SIZE" value="2" />
      <option name="CONTINUATION_INDENT_SIZE" value="4" />
      <option name="TAB_SIZE" value="2" />
    </indentOptions>
    <arrangement>
      <rules>
        <section>
          <rule>
            <match>
              <AND>
                <FIELD>true</FIELD>
                <FINAL>true</FINAL>
                <PUBLIC>true</PUBLIC>
                <STATIC>true</STATIC>
              </AND>
            </match>
          </rule>
        </section>
        <section>
          <rule>
            <match>
              <AND>
                <FIELD>true</FIELD>
                <FINAL>true</FINAL>
                <PROTECTED>true</PROTECTED>
                <STATIC>true</STATIC>
              </AND>
            </match>
          </rule>
        </section>
        <section>
          <rule>
            <match>
              <AND>
                <FIELD>true</FIELD>
                <FINAL>true</FINAL>
                <PRIVATE>true</PRIVATE>
                <STATIC>true</STATIC>
              </AND>
            </match>
          </rule>
        </section>
        <section>
          <rule>
            <match>
              <AND>
                <FIELD>true</FIELD>
                <FINAL>true</FINAL>
                <PACKAGE_PRIVATE>true</PACKAGE_PRIVATE>
                <STATIC>true</STATIC>
              </AND>
            </match>
          </rule>
        </section>
        <section>
          <rule>
            <match>
              <AND>
                <FIELD>true</FIELD>
                <PUBLIC>true</PUBLIC>
                <STATIC>true</STATIC>
              </AND>
            </match>
          </rule>
        </section>
        <section>
          <rule>
            <match>
              <AND>
                <FIELD>true</FIELD>
                <PROTECTED>true</PROTECTED>
                <STATIC>true</STATIC>
              </AND>
            </match>
          </rule>
        </section>
        <section>
          <rule>
            <match>
              <AND>
                <FIELD>true</FIELD>
                <PRIVATE>true</PRIVATE>
                <STATIC>true</STATIC>
              </AND>
            </match>
          </rule>
        </section>
        <section>
          <rule>
            <match>
              <AND>
                <FIELD>true</FIELD>
                <PACKAGE_PRIVATE>true</PACKAGE_PRIVATE>
                <STATIC>true</STATIC>
              </AND>
            </match>
          </rule>
        </section>
        <section>
          <rule>
            <match>
              <AND>
                <INITIALIZER_BLOCK>true</INITIALIZER_BLOCK>
                <STATIC>true</STATIC>
              </AND>
            </match>
          </rule>
        </section>
        <section>
          <rule>
            <match>
              <AND>
                <FIELD>true</FIELD>
                <FINAL>true</FINAL>
                <PUBLIC>true</PUBLIC>
              </AND>
            </match>
          </rule>
        </section>
        <section>
          <rule>
            <match>
              <AND>
                <FIELD>true</FIELD>
                <FINAL>true</FINAL>
                <PROTECTED>true</PROTECTED>
              </AND>
            </match>
          </rule>
        </section>
        <section>
          <rule>
            <match>
              <AND>
                <FIELD>true</FIELD>
                <FINAL>true</FINAL>
                <PRIVATE>true</PRIVATE>
              </AND>
            </match>
          </rule>
        </section>
        <section>
          <rule>
            <match>
              <AND>
                <FIELD>true</FIELD>
                <FINAL>true</FINAL>
                <PACKAGE_PRIVATE>true</PACKAGE_PRIVATE>
              </AND>
            </match>
          </rule>
        </section>
        <section>
          <rule>
            <match>
              <AND>
                <FIELD>true</FIELD>
                <PUBLIC>true</PUBLIC>
              </AND>
            </match>
          </rule>
        </section>
        <section>
          <rule>
            <match>
              <AND>
                <FIELD>true</FIELD>
                <PROTECTED>true</PROTECTED>
              </AND>
            </match>
          </rule>
        </section>
        <section>
          <rule>
            <match>
              <AND>
                <FIELD>true</FIELD>
                <PRIVATE>true</PRIVATE>
              </AND>
            </match>
          </rule>
        </section>
        <section>
          <rule>
            <match>
              <AND>
                <FIELD>true</FIELD>
                <PACKAGE_PRIVATE>true</PACKAGE_PRIVATE>
              </AND>
            </match>
          </rule>
        </section>
        <section>
          <rule>
            <match>
              <FIELD>true</FIELD>
            </match>
          </rule>
        </section>
        <section>
          <rule>
            <match>
              <INITIALIZER_BLOCK>true</INITIALIZER_BLOCK>
            </match>
          </rule>
        </section>
        <section>
          <rule>
            <match>
              <CONSTRUCTOR>true</CONSTRUCTOR>
            </match>
          </rule>
        </section>
        <section>
          <rule>
            <match>
              <AND>
                <METHOD>true</METHOD>
                <STATIC>true</STATIC>
              </AND>
            </match>
          </rule>
        </section>
        <section>
          <rule>
            <match>
              <METHOD>true</METHOD>
            </match>
          </rule>
        </section>
        <section>
          <rule>
            <match>
              <ENUM>true</ENUM>
            </match>
          </rule>
        </section>
        <section>
          <rule>
            <match>
              <INTERFACE>true</INTERFACE>
            </match>
          </rule>
        </section>
        <section>
          <rule>
            <match>
              <AND>
                <CLASS>true</CLASS>
                <STATIC>true</STATIC>
              </AND>
            </match>
          </rule>
        </section>
        <section>
          <rule>
            <match>
              <CLASS>true</CLASS>
            </match>
          </rule>
        </section>
      </rules>
    </arrangement>
  </codeStyleSettings>
  <codeStyleSettings language="PROTO">
    <indentOptions>
      <option name="INDENT_SIZE" value="2" />
      <option name="CONTINUATION_INDENT_SIZE" value="2" />
      <option name="TAB_SIZE" value="2" />
    </indentOptions>
  </codeStyleSettings>
  <codeStyleSettings language="XML">
    <option name="RIGHT_MARGIN" value="1000" />
    <indentOptions>
      <option name="INDENT_SIZE" value="2" />
      <option name="CONTINUATION_INDENT_SIZE" value="2" />
      <option name="TAB_SIZE" value="2" />
    </indentOptions>
    <arrangement>
      <rules />
    </arrangement>
  </codeStyleSettings>
  <codeStyleSettings language="kotlin">
    <indentOptions>
      <option name="CONTINUATION_INDENT_SIZE" value="4" />
    </indentOptions>
  </codeStyleSettings>
</code_scheme>