<application>
  <component name="EclipseCodeFormatterSettings">
    <option name="settingsList">
      <list>
        <Settings>
          <option name="formatter" value="ECLIPSE" />
          <option name="id" value="1566466018576" />
          <option name="name" value="new" />
          <option name="pathToConfigFileJava" value="$USER_HOME$/Repositories/hngry/common/eclipse/workspacemechanic/JavaCodeStyleLiebherrHAU.epf" />
        </Settings>
      </list>
    </option>
  </component>
</application>