<application>
  <component name="ProjectJdkTable">
    <jdk version="2">
      <name value="1.8" />
      <type value="JavaSDK" />
      <version value="java version &quot;1.8.0_25&quot;" />
      <homePath value="/Library/Java/JavaVirtualMachines/jdk1.8.0_25.jdk/Contents/Home" />
      <roots>
        <annotationsPath>
          <root type="composite">
            <root url="jar://$APPLICATION_HOME_DIR$/lib/jdkAnnotations.jar!/" type="simple" />
          </root>
        </annotationsPath>
        <classPath>
          <root type="composite">
            <root url="jar:///Library/Java/JavaVirtualMachines/jdk1.8.0_25.jdk/Contents/Home/jre/lib/charsets.jar!/" type="simple" />
            <root url="jar:///Library/Java/JavaVirtualMachines/jdk1.8.0_25.jdk/Contents/Home/jre/lib/deploy.jar!/" type="simple" />
            <root url="jar:///Library/Java/JavaVirtualMachines/jdk1.8.0_25.jdk/Contents/Home/jre/lib/ext/cldrdata.jar!/" type="simple" />
            <root url="jar:///Library/Java/JavaVirtualMachines/jdk1.8.0_25.jdk/Contents/Home/jre/lib/ext/dnsns.jar!/" type="simple" />
            <root url="jar:///Library/Java/JavaVirtualMachines/jdk1.8.0_25.jdk/Contents/Home/jre/lib/ext/jfxrt.jar!/" type="simple" />
            <root url="jar:///Library/Java/JavaVirtualMachines/jdk1.8.0_25.jdk/Contents/Home/jre/lib/ext/localedata.jar!/" type="simple" />
            <root url="jar:///Library/Java/JavaVirtualMachines/jdk1.8.0_25.jdk/Contents/Home/jre/lib/ext/nashorn.jar!/" type="simple" />
            <root url="jar:///Library/Java/JavaVirtualMachines/jdk1.8.0_25.jdk/Contents/Home/jre/lib/ext/sunec.jar!/" type="simple" />
            <root url="jar:///Library/Java/JavaVirtualMachines/jdk1.8.0_25.jdk/Contents/Home/jre/lib/ext/sunjce_provider.jar!/" type="simple" />
            <root url="jar:///Library/Java/JavaVirtualMachines/jdk1.8.0_25.jdk/Contents/Home/jre/lib/ext/sunpkcs11.jar!/" type="simple" />
            <root url="jar:///Library/Java/JavaVirtualMachines/jdk1.8.0_25.jdk/Contents/Home/jre/lib/ext/zipfs.jar!/" type="simple" />
            <root url="jar:///Library/Java/JavaVirtualMachines/jdk1.8.0_25.jdk/Contents/Home/jre/lib/javaws.jar!/" type="simple" />
            <root url="jar:///Library/Java/JavaVirtualMachines/jdk1.8.0_25.jdk/Contents/Home/jre/lib/jce.jar!/" type="simple" />
            <root url="jar:///Library/Java/JavaVirtualMachines/jdk1.8.0_25.jdk/Contents/Home/jre/lib/jfr.jar!/" type="simple" />
            <root url="jar:///Library/Java/JavaVirtualMachines/jdk1.8.0_25.jdk/Contents/Home/jre/lib/jfxswt.jar!/" type="simple" />
            <root url="jar:///Library/Java/JavaVirtualMachines/jdk1.8.0_25.jdk/Contents/Home/jre/lib/jsse.jar!/" type="simple" />
            <root url="jar:///Library/Java/JavaVirtualMachines/jdk1.8.0_25.jdk/Contents/Home/jre/lib/management-agent.jar!/" type="simple" />
            <root url="jar:///Library/Java/JavaVirtualMachines/jdk1.8.0_25.jdk/Contents/Home/jre/lib/plugin.jar!/" type="simple" />
            <root url="jar:///Library/Java/JavaVirtualMachines/jdk1.8.0_25.jdk/Contents/Home/jre/lib/resources.jar!/" type="simple" />
            <root url="jar:///Library/Java/JavaVirtualMachines/jdk1.8.0_25.jdk/Contents/Home/jre/lib/rt.jar!/" type="simple" />
            <root url="jar:///Library/Java/JavaVirtualMachines/jdk1.8.0_25.jdk/Contents/Home/lib/ant-javafx.jar!/" type="simple" />
            <root url="jar:///Library/Java/JavaVirtualMachines/jdk1.8.0_25.jdk/Contents/Home/lib/dt.jar!/" type="simple" />
            <root url="jar:///Library/Java/JavaVirtualMachines/jdk1.8.0_25.jdk/Contents/Home/lib/javafx-mx.jar!/" type="simple" />
            <root url="jar:///Library/Java/JavaVirtualMachines/jdk1.8.0_25.jdk/Contents/Home/lib/jconsole.jar!/" type="simple" />
            <root url="jar:///Library/Java/JavaVirtualMachines/jdk1.8.0_25.jdk/Contents/Home/lib/sa-jdi.jar!/" type="simple" />
            <root url="jar:///Library/Java/JavaVirtualMachines/jdk1.8.0_25.jdk/Contents/Home/lib/tools.jar!/" type="simple" />
          </root>
        </classPath>
        <javadocPath>
          <root type="composite" />
        </javadocPath>
        <sourcePath>
          <root type="composite">
            <root url="jar:///Library/Java/JavaVirtualMachines/jdk1.8.0_25.jdk/Contents/Home/src.zip!/" type="simple" />
            <root url="jar:///Library/Java/JavaVirtualMachines/jdk1.8.0_25.jdk/Contents/Home/javafx-src.zip!/" type="simple" />
          </root>
        </sourcePath>
      </roots>
      <additional />
    </jdk>
    <jdk version="2">
      <name value="11.0.3" />
      <type value="JavaSDK" />
      <version value="java version &quot;11.0.3&quot;" />
      <homePath value="$APPLICATION_HOME_DIR$/jbr/Contents/Home" />
      <roots>
        <annotationsPath>
          <root type="composite">
            <root url="jar://$APPLICATION_HOME_DIR$/plugins/java/lib/jdkAnnotations.jar!/" type="simple" />
          </root>
        </annotationsPath>
        <classPath>
          <root type="composite">
            <root url="jrt:///Users/OnurYilmaz/Library/Application Support/JetBrains/Toolbox/apps/IDEA-U/ch-0/192.6603.28/IntelliJ IDEA.app/Contents/jbr/Contents/Home!/java.base" type="simple" />
            <root url="jrt:///Users/OnurYilmaz/Library/Application Support/JetBrains/Toolbox/apps/IDEA-U/ch-0/192.6603.28/IntelliJ IDEA.app/Contents/jbr/Contents/Home!/java.compiler" type="simple" />
            <root url="jrt:///Users/OnurYilmaz/Library/Application Support/JetBrains/Toolbox/apps/IDEA-U/ch-0/192.6603.28/IntelliJ IDEA.app/Contents/jbr/Contents/Home!/java.datatransfer" type="simple" />
            <root url="jrt:///Users/OnurYilmaz/Library/Application Support/JetBrains/Toolbox/apps/IDEA-U/ch-0/192.6603.28/IntelliJ IDEA.app/Contents/jbr/Contents/Home!/java.desktop" type="simple" />
            <root url="jrt:///Users/OnurYilmaz/Library/Application Support/JetBrains/Toolbox/apps/IDEA-U/ch-0/192.6603.28/IntelliJ IDEA.app/Contents/jbr/Contents/Home!/java.instrument" type="simple" />
            <root url="jrt:///Users/OnurYilmaz/Library/Application Support/JetBrains/Toolbox/apps/IDEA-U/ch-0/192.6603.28/IntelliJ IDEA.app/Contents/jbr/Contents/Home!/java.logging" type="simple" />
            <root url="jrt:///Users/OnurYilmaz/Library/Application Support/JetBrains/Toolbox/apps/IDEA-U/ch-0/192.6603.28/IntelliJ IDEA.app/Contents/jbr/Contents/Home!/java.management" type="simple" />
            <root url="jrt:///Users/OnurYilmaz/Library/Application Support/JetBrains/Toolbox/apps/IDEA-U/ch-0/192.6603.28/IntelliJ IDEA.app/Contents/jbr/Contents/Home!/java.management.rmi" type="simple" />
            <root url="jrt:///Users/OnurYilmaz/Library/Application Support/JetBrains/Toolbox/apps/IDEA-U/ch-0/192.6603.28/IntelliJ IDEA.app/Contents/jbr/Contents/Home!/java.naming" type="simple" />
            <root url="jrt:///Users/OnurYilmaz/Library/Application Support/JetBrains/Toolbox/apps/IDEA-U/ch-0/192.6603.28/IntelliJ IDEA.app/Contents/jbr/Contents/Home!/java.net.http" type="simple" />
            <root url="jrt:///Users/OnurYilmaz/Library/Application Support/JetBrains/Toolbox/apps/IDEA-U/ch-0/192.6603.28/IntelliJ IDEA.app/Contents/jbr/Contents/Home!/java.prefs" type="simple" />
            <root url="jrt:///Users/OnurYilmaz/Library/Application Support/JetBrains/Toolbox/apps/IDEA-U/ch-0/192.6603.28/IntelliJ IDEA.app/Contents/jbr/Contents/Home!/java.rmi" type="simple" />
            <root url="jrt:///Users/OnurYilmaz/Library/Application Support/JetBrains/Toolbox/apps/IDEA-U/ch-0/192.6603.28/IntelliJ IDEA.app/Contents/jbr/Contents/Home!/java.scripting" type="simple" />
            <root url="jrt:///Users/OnurYilmaz/Library/Application Support/JetBrains/Toolbox/apps/IDEA-U/ch-0/192.6603.28/IntelliJ IDEA.app/Contents/jbr/Contents/Home!/java.se" type="simple" />
            <root url="jrt:///Users/OnurYilmaz/Library/Application Support/JetBrains/Toolbox/apps/IDEA-U/ch-0/192.6603.28/IntelliJ IDEA.app/Contents/jbr/Contents/Home!/java.security.jgss" type="simple" />
            <root url="jrt:///Users/OnurYilmaz/Library/Application Support/JetBrains/Toolbox/apps/IDEA-U/ch-0/192.6603.28/IntelliJ IDEA.app/Contents/jbr/Contents/Home!/java.security.sasl" type="simple" />
            <root url="jrt:///Users/OnurYilmaz/Library/Application Support/JetBrains/Toolbox/apps/IDEA-U/ch-0/192.6603.28/IntelliJ IDEA.app/Contents/jbr/Contents/Home!/java.smartcardio" type="simple" />
            <root url="jrt:///Users/OnurYilmaz/Library/Application Support/JetBrains/Toolbox/apps/IDEA-U/ch-0/192.6603.28/IntelliJ IDEA.app/Contents/jbr/Contents/Home!/java.sql" type="simple" />
            <root url="jrt:///Users/OnurYilmaz/Library/Application Support/JetBrains/Toolbox/apps/IDEA-U/ch-0/192.6603.28/IntelliJ IDEA.app/Contents/jbr/Contents/Home!/java.sql.rowset" type="simple" />
            <root url="jrt:///Users/OnurYilmaz/Library/Application Support/JetBrains/Toolbox/apps/IDEA-U/ch-0/192.6603.28/IntelliJ IDEA.app/Contents/jbr/Contents/Home!/java.transaction.xa" type="simple" />
            <root url="jrt:///Users/OnurYilmaz/Library/Application Support/JetBrains/Toolbox/apps/IDEA-U/ch-0/192.6603.28/IntelliJ IDEA.app/Contents/jbr/Contents/Home!/java.xml" type="simple" />
            <root url="jrt:///Users/OnurYilmaz/Library/Application Support/JetBrains/Toolbox/apps/IDEA-U/ch-0/192.6603.28/IntelliJ IDEA.app/Contents/jbr/Contents/Home!/java.xml.crypto" type="simple" />
            <root url="jrt:///Users/OnurYilmaz/Library/Application Support/JetBrains/Toolbox/apps/IDEA-U/ch-0/192.6603.28/IntelliJ IDEA.app/Contents/jbr/Contents/Home!/javafx.base" type="simple" />
            <root url="jrt:///Users/OnurYilmaz/Library/Application Support/JetBrains/Toolbox/apps/IDEA-U/ch-0/192.6603.28/IntelliJ IDEA.app/Contents/jbr/Contents/Home!/javafx.controls" type="simple" />
            <root url="jrt:///Users/OnurYilmaz/Library/Application Support/JetBrains/Toolbox/apps/IDEA-U/ch-0/192.6603.28/IntelliJ IDEA.app/Contents/jbr/Contents/Home!/javafx.fxml" type="simple" />
            <root url="jrt:///Users/OnurYilmaz/Library/Application Support/JetBrains/Toolbox/apps/IDEA-U/ch-0/192.6603.28/IntelliJ IDEA.app/Contents/jbr/Contents/Home!/javafx.graphics" type="simple" />
            <root url="jrt:///Users/OnurYilmaz/Library/Application Support/JetBrains/Toolbox/apps/IDEA-U/ch-0/192.6603.28/IntelliJ IDEA.app/Contents/jbr/Contents/Home!/javafx.media" type="simple" />
            <root url="jrt:///Users/OnurYilmaz/Library/Application Support/JetBrains/Toolbox/apps/IDEA-U/ch-0/192.6603.28/IntelliJ IDEA.app/Contents/jbr/Contents/Home!/javafx.swing" type="simple" />
            <root url="jrt:///Users/OnurYilmaz/Library/Application Support/JetBrains/Toolbox/apps/IDEA-U/ch-0/192.6603.28/IntelliJ IDEA.app/Contents/jbr/Contents/Home!/javafx.web" type="simple" />
            <root url="jrt:///Users/OnurYilmaz/Library/Application Support/JetBrains/Toolbox/apps/IDEA-U/ch-0/192.6603.28/IntelliJ IDEA.app/Contents/jbr/Contents/Home!/jdk.accessibility" type="simple" />
            <root url="jrt:///Users/OnurYilmaz/Library/Application Support/JetBrains/Toolbox/apps/IDEA-U/ch-0/192.6603.28/IntelliJ IDEA.app/Contents/jbr/Contents/Home!/jdk.aot" type="simple" />
            <root url="jrt:///Users/OnurYilmaz/Library/Application Support/JetBrains/Toolbox/apps/IDEA-U/ch-0/192.6603.28/IntelliJ IDEA.app/Contents/jbr/Contents/Home!/jdk.attach" type="simple" />
            <root url="jrt:///Users/OnurYilmaz/Library/Application Support/JetBrains/Toolbox/apps/IDEA-U/ch-0/192.6603.28/IntelliJ IDEA.app/Contents/jbr/Contents/Home!/jdk.charsets" type="simple" />
            <root url="jrt:///Users/OnurYilmaz/Library/Application Support/JetBrains/Toolbox/apps/IDEA-U/ch-0/192.6603.28/IntelliJ IDEA.app/Contents/jbr/Contents/Home!/jdk.compiler" type="simple" />
            <root url="jrt:///Users/OnurYilmaz/Library/Application Support/JetBrains/Toolbox/apps/IDEA-U/ch-0/192.6603.28/IntelliJ IDEA.app/Contents/jbr/Contents/Home!/jdk.crypto.cryptoki" type="simple" />
            <root url="jrt:///Users/OnurYilmaz/Library/Application Support/JetBrains/Toolbox/apps/IDEA-U/ch-0/192.6603.28/IntelliJ IDEA.app/Contents/jbr/Contents/Home!/jdk.crypto.ec" type="simple" />
            <root url="jrt:///Users/OnurYilmaz/Library/Application Support/JetBrains/Toolbox/apps/IDEA-U/ch-0/192.6603.28/IntelliJ IDEA.app/Contents/jbr/Contents/Home!/jdk.dynalink" type="simple" />
            <root url="jrt:///Users/OnurYilmaz/Library/Application Support/JetBrains/Toolbox/apps/IDEA-U/ch-0/192.6603.28/IntelliJ IDEA.app/Contents/jbr/Contents/Home!/jdk.httpserver" type="simple" />
            <root url="jrt:///Users/OnurYilmaz/Library/Application Support/JetBrains/Toolbox/apps/IDEA-U/ch-0/192.6603.28/IntelliJ IDEA.app/Contents/jbr/Contents/Home!/jdk.internal.ed" type="simple" />
            <root url="jrt:///Users/OnurYilmaz/Library/Application Support/JetBrains/Toolbox/apps/IDEA-U/ch-0/192.6603.28/IntelliJ IDEA.app/Contents/jbr/Contents/Home!/jdk.internal.jvmstat" type="simple" />
            <root url="jrt:///Users/OnurYilmaz/Library/Application Support/JetBrains/Toolbox/apps/IDEA-U/ch-0/192.6603.28/IntelliJ IDEA.app/Contents/jbr/Contents/Home!/jdk.internal.le" type="simple" />
            <root url="jrt:///Users/OnurYilmaz/Library/Application Support/JetBrains/Toolbox/apps/IDEA-U/ch-0/192.6603.28/IntelliJ IDEA.app/Contents/jbr/Contents/Home!/jdk.internal.vm.ci" type="simple" />
            <root url="jrt:///Users/OnurYilmaz/Library/Application Support/JetBrains/Toolbox/apps/IDEA-U/ch-0/192.6603.28/IntelliJ IDEA.app/Contents/jbr/Contents/Home!/jdk.internal.vm.compiler" type="simple" />
            <root url="jrt:///Users/OnurYilmaz/Library/Application Support/JetBrains/Toolbox/apps/IDEA-U/ch-0/192.6603.28/IntelliJ IDEA.app/Contents/jbr/Contents/Home!/jdk.internal.vm.compiler.management" type="simple" />
            <root url="jrt:///Users/OnurYilmaz/Library/Application Support/JetBrains/Toolbox/apps/IDEA-U/ch-0/192.6603.28/IntelliJ IDEA.app/Contents/jbr/Contents/Home!/jdk.jdi" type="simple" />
            <root url="jrt:///Users/OnurYilmaz/Library/Application Support/JetBrains/Toolbox/apps/IDEA-U/ch-0/192.6603.28/IntelliJ IDEA.app/Contents/jbr/Contents/Home!/jdk.jdwp.agent" type="simple" />
            <root url="jrt:///Users/OnurYilmaz/Library/Application Support/JetBrains/Toolbox/apps/IDEA-U/ch-0/192.6603.28/IntelliJ IDEA.app/Contents/jbr/Contents/Home!/jdk.jfr" type="simple" />
            <root url="jrt:///Users/OnurYilmaz/Library/Application Support/JetBrains/Toolbox/apps/IDEA-U/ch-0/192.6603.28/IntelliJ IDEA.app/Contents/jbr/Contents/Home!/jdk.jsobject" type="simple" />
            <root url="jrt:///Users/OnurYilmaz/Library/Application Support/JetBrains/Toolbox/apps/IDEA-U/ch-0/192.6603.28/IntelliJ IDEA.app/Contents/jbr/Contents/Home!/jdk.localedata" type="simple" />
            <root url="jrt:///Users/OnurYilmaz/Library/Application Support/JetBrains/Toolbox/apps/IDEA-U/ch-0/192.6603.28/IntelliJ IDEA.app/Contents/jbr/Contents/Home!/jdk.management" type="simple" />
            <root url="jrt:///Users/OnurYilmaz/Library/Application Support/JetBrains/Toolbox/apps/IDEA-U/ch-0/192.6603.28/IntelliJ IDEA.app/Contents/jbr/Contents/Home!/jdk.management.agent" type="simple" />
            <root url="jrt:///Users/OnurYilmaz/Library/Application Support/JetBrains/Toolbox/apps/IDEA-U/ch-0/192.6603.28/IntelliJ IDEA.app/Contents/jbr/Contents/Home!/jdk.management.jfr" type="simple" />
            <root url="jrt:///Users/OnurYilmaz/Library/Application Support/JetBrains/Toolbox/apps/IDEA-U/ch-0/192.6603.28/IntelliJ IDEA.app/Contents/jbr/Contents/Home!/jdk.naming.dns" type="simple" />
            <root url="jrt:///Users/OnurYilmaz/Library/Application Support/JetBrains/Toolbox/apps/IDEA-U/ch-0/192.6603.28/IntelliJ IDEA.app/Contents/jbr/Contents/Home!/jdk.naming.rmi" type="simple" />
            <root url="jrt:///Users/OnurYilmaz/Library/Application Support/JetBrains/Toolbox/apps/IDEA-U/ch-0/192.6603.28/IntelliJ IDEA.app/Contents/jbr/Contents/Home!/jdk.net" type="simple" />
            <root url="jrt:///Users/OnurYilmaz/Library/Application Support/JetBrains/Toolbox/apps/IDEA-U/ch-0/192.6603.28/IntelliJ IDEA.app/Contents/jbr/Contents/Home!/jdk.pack" type="simple" />
            <root url="jrt:///Users/OnurYilmaz/Library/Application Support/JetBrains/Toolbox/apps/IDEA-U/ch-0/192.6603.28/IntelliJ IDEA.app/Contents/jbr/Contents/Home!/jdk.scripting.nashorn" type="simple" />
            <root url="jrt:///Users/OnurYilmaz/Library/Application Support/JetBrains/Toolbox/apps/IDEA-U/ch-0/192.6603.28/IntelliJ IDEA.app/Contents/jbr/Contents/Home!/jdk.scripting.nashorn.shell" type="simple" />
            <root url="jrt:///Users/OnurYilmaz/Library/Application Support/JetBrains/Toolbox/apps/IDEA-U/ch-0/192.6603.28/IntelliJ IDEA.app/Contents/jbr/Contents/Home!/jdk.sctp" type="simple" />
            <root url="jrt:///Users/OnurYilmaz/Library/Application Support/JetBrains/Toolbox/apps/IDEA-U/ch-0/192.6603.28/IntelliJ IDEA.app/Contents/jbr/Contents/Home!/jdk.security.auth" type="simple" />
            <root url="jrt:///Users/OnurYilmaz/Library/Application Support/JetBrains/Toolbox/apps/IDEA-U/ch-0/192.6603.28/IntelliJ IDEA.app/Contents/jbr/Contents/Home!/jdk.security.jgss" type="simple" />
            <root url="jrt:///Users/OnurYilmaz/Library/Application Support/JetBrains/Toolbox/apps/IDEA-U/ch-0/192.6603.28/IntelliJ IDEA.app/Contents/jbr/Contents/Home!/jdk.unsupported" type="simple" />
            <root url="jrt:///Users/OnurYilmaz/Library/Application Support/JetBrains/Toolbox/apps/IDEA-U/ch-0/192.6603.28/IntelliJ IDEA.app/Contents/jbr/Contents/Home!/jdk.xml.dom" type="simple" />
            <root url="jrt:///Users/OnurYilmaz/Library/Application Support/JetBrains/Toolbox/apps/IDEA-U/ch-0/192.6603.28/IntelliJ IDEA.app/Contents/jbr/Contents/Home!/jdk.zipfs" type="simple" />
          </root>
        </classPath>
        <javadocPath>
          <root type="composite" />
        </javadocPath>
        <sourcePath>
          <root type="composite" />
        </sourcePath>
      </roots>
      <additional />
    </jdk>
    <jdk version="2">
      <name value="Kotlin SDK" />
      <type value="KotlinSDK" />
      <version value="1.3.41" />
      <homePath value="$KOTLIN_BUNDLED$" />
      <roots>
        <annotationsPath>
          <root type="composite" />
        </annotationsPath>
        <classPath>
          <root type="composite" />
        </classPath>
        <javadocPath>
          <root type="composite" />
        </javadocPath>
        <sourcePath>
          <root type="composite" />
        </sourcePath>
      </roots>
      <additional />
    </jdk>
  </component>
</application>